t_index,x,y
0,1.1504954663735922e-20,-9.627589280338105e-40
1,0.031162676295986954,-0.00024874888140750755
2,0.2554285663998129,-0.016723662514535064
3,0.46982763495940255,-0.05285939155645669
