t_index,x,y
0,5.152200015217801e-15,-1.8960866065220516e-28
1,0.025735031843834823,-0.00030867433922960474
2,0.23515350181284628,-0.025840086472553366
3,0.4395032271719201,-0.07162470679997655
